"K","x.values","f.values"
6,0,-45.068928697534
6,1,-209.546216938621
6,1.5,171.114803651255
6,2,880.451510875129
6,2.5,1791.81268576766
6,3,1998.1723168901
6,4,2229.38901133455
