"K","x.values","f.values"
6,1,-71.9428929932401
6,2,-187.222169085097
6,3,181.686490105379
6,4,963.615500031666
6,5,1679.71325132135
6,6,1881.69054217633
6,8,1987.11835021204
