"K","x.values","f.values"
5,0,-566.117645030014
5,1,-62.1500504373047
5,2,352.204864062288
5,3,789.885946527171
5,4,1282.38312316624
5,7,1636.26780811446
