"K","x.values","f.values"
6,0,-554.993501909289
6,1,-57.0029360169138
6,2,300.978666929089
6,3,767.079434184664
6,4,1301.7319535261
6,5,1690.27211038885
6,8,1846.89440205552
