"K","x.values","f.values"
9,10,4.54242736797242
9,11,3.57642461777067
9,12,2.87937824825846
9,13,1.73658101516603
9,14,0.318198931258196
9,15,-1.12396460620374
9,16,-2.39770398649142
9,17,-3.73323909542639
9,18,-4.96692561258152
9,19,-6.0199210635937
