"K","x.values","f.values"
2,"0",-7.52308207060652
2,"1",22.4493564577063
