"K","x.values","f.values"
2,"0",-7.4527057010165
2,"1",20.8845783332668
