"K","x.values","f.values"
5,0,-5223.06957246717
5,1,-8528.32498061051
5,2,-238.517090050779
5,3,16043.5003913183
5,4,16642.0734115372
5,5,28759.6608561246
