"K","x.values","f.values"
5,0,-5250.75041301848
5,1,-8471.05060412132
5,2,-445.761427310248
5,3,16033.1473012622
5,4,16615.7593521514
5,5,29692.9018279606
