"K","x.values","f.values"
5,0,-5711.09141570752
5,1,-9398.75591310026
5,2,1298.72361702688
5,3,16566.5311181803
5,4,16853.4160092215
5,5,33840.3307092168
