"K","x.values","f.values"
2,"0",0.124447521055371
2,"1",-0.124447521055371
