"K","x.values","f.values"
2,"0",-0.0419985741651129
2,"1",0.0419985741651129
