"K","x.values","f.values"
5,"CA",2.53301950770108
5,"AZ",22.0836248176016
5,"CO",-27.5513235373067
5,"WA",-8.22407030858781
5,"NV",12.107905185716
