"K","x.values","f.values"
5,"NV",11.9859638637161
5,"AZ",21.8323018503131
5,"CO",-27.6129607748038
5,"WA",-7.90302386684491
5,"CA",2.40943719808055
