"K","x.values","f.values"
5,"CA",1.81594786271455
5,"NV",11.8913141778333
5,"CO",-27.9593222327557
5,"AZ",21.9246610420427
5,"WA",-8.17524253734443
